Environmental factor,N,β,SE,t,P-value,Q-value,significant_fdr
GPD_Std,17,0.003328,0.000449,7.411,<0.001,<0.001,True
GHII_Std,17,-0.2691,0.07783,-3.458,0.004,0.221,False
GHII_0.95,17,-0.08082,0.02828,-2.858,0.012,0.503,False
bio_4_Mean,16,0.004436,0.001642,2.701,0.017,0.542,False
CEC_CLAY,17,0.07847,0.03525,2.226,0.042,0.951,False
Elevation_Std,17,0.002593,0.001221,2.124,0.051,0.951,False
GPD_Mean,17,0.00729,0.003621,2.013,0.062,0.951,False
GHIL_0.95,17,2.25,1.225,1.837,0.086,0.951,False
PET_Std,17,-0.008585,0.004683,-1.833,0.087,0.951,False
bio_11_Std,17,0.4804,0.2669,1.800,0.092,0.951,False
CEC_SOIL,17,0.2061,0.1179,1.748,0.101,0.951,False
bio_4_Std,17,0.01008,0.005955,1.692,0.111,0.951,False
GPD_0.95,17,0.001356,0.0008513,1.593,0.132,0.951,False
Elevation_Mean,5,-0.0002833,0.0001392,-2.035,0.135,0.951,False
GHIL_Mean,17,4.817,3.086,1.561,0.139,0.951,False
TEB,17,0.05196,0.0349,1.489,0.157,0.951,False
bio_3_0.05,17,-0.06349,0.04286,-1.482,0.159,0.951,False
SILT,17,0.1521,0.103,1.476,0.161,0.951,False
TCARBON_EQ,17,0.1121,0.07948,1.410,0.179,0.951,False
bio_3_Mean,17,-0.05567,0.04004,-1.391,0.185,0.951,False
CEC_EFF,17,0.05386,0.03899,1.381,0.187,0.951,False
PH_WATER,17,0.5357,0.3894,1.376,0.189,0.951,False
bio_14_0.95,17,0.05942,0.04344,1.368,0.192,0.951,False
bio_9_0.05,17,-0.0466,0.03458,-1.348,0.198,0.951,False
MI_Std,17,-3.653,2.797,-1.306,0.211,0.951,False
Elevation_0.95,5,-0.0002192,0.0001396,-1.571,0.214,0.951,False
GHFD_0.95,17,0.03992,0.03119,1.280,0.220,0.951,False
bio_6_Std,17,0.2814,0.225,1.251,0.230,0.951,False
bio_7_Mean,17,0.05288,0.04311,1.227,0.239,0.951,False
bio_4_0.95,14,0.0005069,0.0004243,1.195,0.255,0.951,False
bio_1_Std,17,0.4153,0.3591,1.157,0.266,0.951,False
bio_3_Std,17,0.227,0.1963,1.156,0.266,0.951,False
bio_9_Mean,17,-0.04596,0.04124,-1.114,0.283,0.951,False
GPD_0.05,17,-0.1666,0.1507,-1.106,0.286,0.951,False
bio_10_0.95,17,0.1117,0.1019,1.097,0.290,0.951,False
bio_14_Std,17,0.1349,0.123,1.096,0.290,0.951,False
bio_8_0.95,17,0.1004,0.09593,1.046,0.312,0.951,False
bio_7_0.95,17,0.03919,0.03844,1.020,0.324,0.951,False
GHIL_Std,17,4.561,4.509,1.012,0.328,0.951,False
BSAT,17,0.01432,0.01437,0.997,0.335,0.951,False
bio_1_0.05,17,-0.05994,0.06063,-0.989,0.339,0.951,False
bio_11_0.05,17,-0.03589,0.03646,-0.985,0.340,0.951,False
SAND,17,-0.07302,0.07451,-0.980,0.343,0.951,False
bio_19_Std,17,-0.009411,0.009887,-0.952,0.356,0.951,False
bio_6_Mean,17,-0.04073,0.0428,-0.952,0.356,0.951,False
bio_5_0.95,17,0.09184,0.09731,0.944,0.360,0.951,False
GHII_Mean,17,-0.03537,0.03781,-0.935,0.364,0.951,False
bio_9_Std,17,0.1269,0.138,0.919,0.373,0.951,False
bio_11_Mean,17,-0.03821,0.04248,-0.900,0.383,0.951,False
bio_7_0.05,17,0.05154,0.06077,0.848,0.410,0.951,False
bio_6_0.05,17,-0.02933,0.03628,-0.809,0.431,0.951,False
bio_3_0.95,17,-0.03142,0.04139,-0.759,0.460,0.951,False
bio_17_Std,17,-0.01739,0.02313,-0.752,0.464,0.951,False
bio_19_0.95,17,-0.002505,0.003398,-0.737,0.472,0.951,False
bio_19_Mean,17,-0.005013,0.007135,-0.703,0.493,0.951,False
bio_13_0.05,17,-0.005451,0.007789,-0.700,0.495,0.951,False
bio_4_0.05,17,0.001212,0.001747,0.694,0.498,0.951,False
ELEC_COND,17,0.4118,0.5953,0.692,0.500,0.951,False
TOPDEP,17,0.03012,0.04385,0.687,0.503,0.951,False
bio_13_Mean,17,-0.00441,0.006422,-0.687,0.503,0.951,False
BOTDEP,17,0.02576,0.03783,0.681,0.506,0.951,False
bio_2_0.05,17,0.1737,0.2569,0.676,0.509,0.951,False
bio_1_Mean,17,-0.046,0.0686,-0.671,0.513,0.951,False
bio_10_Std,17,0.245,0.3678,0.666,0.515,0.951,False
bio_17_0.95,17,-0.004937,0.007815,-0.632,0.537,0.951,False
BULK,17,-2.276,3.622,-0.628,0.539,0.951,False
COARSE,17,0.07073,0.1132,0.625,0.541,0.951,False
GHFD_Std,17,0.04969,0.08283,0.600,0.557,0.951,False
bio_5_Mean,17,0.07032,0.1185,0.593,0.562,0.951,False
Elevation_0.05,5,-0.0001018,0.0001568,-0.649,0.562,0.951,False
ALUM_SAT,17,-0.01242,0.02162,-0.574,0.574,0.951,False
bio_17_Mean,17,-0.006894,0.01259,-0.548,0.592,0.951,False
bio_12_Std,17,-0.001135,0.002129,-0.533,0.602,0.951,False
MI_Mean,17,-0.8101,1.526,-0.531,0.603,0.951,False
bio_16_Mean,17,-0.001259,0.002508,-0.502,0.623,0.951,False
bio_18_0.05,17,-0.001311,0.00264,-0.497,0.627,0.951,False
bio_16_0.05,17,-0.001445,0.002954,-0.489,0.632,0.951,False
GHFD_Mean,17,-0.02783,0.05746,-0.484,0.635,0.951,False
bio_12_Mean,17,-0.0006377,0.001355,-0.471,0.645,0.951,False
bio_18_Mean,17,-0.0009914,0.002247,-0.441,0.665,0.951,False
bio_2_0.95,17,0.09043,0.2088,0.433,0.671,0.951,False
bio_1_0.95,17,0.03049,0.07203,0.423,0.678,0.951,False
PET_0.05,16,-0.0008048,0.001903,-0.423,0.679,0.951,False
bio_10_0.05,17,-0.04943,0.1187,-0.417,0.683,0.951,False
bio_2_Std,17,-0.2124,0.5127,-0.414,0.685,0.951,False
bio_15_0.95,17,-0.005309,0.01303,-0.407,0.689,0.951,False
PET_0.95,6,0.0001193,0.0002803,0.425,0.692,0.951,False
ESP,17,0.08162,0.205,0.398,0.696,0.951,False
bio_14_0.05,17,-0.03006,0.07731,-0.389,0.703,0.951,False
bio_8_0.05,17,-0.01806,0.04703,-0.384,0.706,0.951,False
ORG_CARBON,17,-0.2064,0.5457,-0.378,0.711,0.951,False
bio_12_0.05,17,-0.0005613,0.001509,-0.372,0.715,0.951,False
bio_5_Std,17,-0.112,0.3153,-0.355,0.727,0.951,False
bio_18_Std,17,-0.0009558,0.003082,-0.310,0.761,0.951,False
GYPSUM,17,0.1131,0.3778,0.299,0.769,0.951,False
bio_16_Std,17,-0.0008533,0.002957,-0.289,0.777,0.951,False
bio_15_Std,17,-0.01021,0.03978,-0.257,0.801,0.951,False
bio_13_Std,17,-0.001855,0.007311,-0.254,0.803,0.951,False
bio_2_Mean,17,0.07387,0.3024,0.244,0.810,0.951,False
bio_8_Std,17,0.04249,0.1753,0.242,0.812,0.951,False
REF_BULK,17,1.005,4.442,0.226,0.824,0.951,False
PET_Mean,9,0.0004648,0.002145,0.217,0.835,0.951,False
bio_7_Std,17,-0.04907,0.2331,-0.211,0.836,0.951,False
MI_0.95,17,-0.1863,0.9524,-0.196,0.848,0.951,False
bio_17_0.05,17,-0.00264,0.01353,-0.195,0.848,0.951,False
bio_11_0.95,17,0.01014,0.05354,0.189,0.852,0.951,False
bio_8_Mean,17,-0.01572,0.08314,-0.189,0.853,0.951,False
bio_13_0.95,17,-0.0004289,0.002277,-0.188,0.853,0.951,False
GHII_0.05,17,-0.00698,0.03797,-0.184,0.857,0.951,False
bio_19_0.05,17,-0.001616,0.009003,-0.180,0.860,0.951,False
CN_RATIO,17,-0.03824,0.2201,-0.174,0.864,0.951,False
GHIL_0.05,17,-1.216,7.096,-0.171,0.866,0.951,False
bio_15_0.05,17,-0.002798,0.01667,-0.168,0.869,0.951,False
bio_12_0.95,13,-0.0001732,0.001105,-0.157,0.878,0.951,False
bio_9_0.95,17,-0.005981,0.04265,-0.140,0.890,0.951,False
bio_15_Mean,17,-0.002301,0.01682,-0.137,0.893,0.951,False
bio_16_0.95,15,-0.0001403,0.001233,-0.114,0.911,0.951,False
bio_14_Mean,17,0.008391,0.07474,0.112,0.912,0.951,False
bio_5_0.05,17,0.01083,0.09902,0.109,0.914,0.951,False
bio_18_0.95,16,-0.0001171,0.001103,-0.106,0.917,0.951,False
TOTAL_N,17,-0.1007,0.9866,-0.102,0.920,0.951,False
bio_6_0.95,17,0.00509,0.05051,0.101,0.921,0.951,False
MI_0.05,17,0.1363,1.598,0.085,0.933,0.951,False
GHFD_0.05,17,-0.002946,0.03598,-0.082,0.936,0.951,False
bio_10_Mean,17,0.007629,0.1434,0.053,0.958,0.966,False
CLAY,17,-0.001462,0.09955,-0.015,0.988,0.988,False
