Site,Env_Factor,P_value,R_squared,Variants
427,srad_7,0.037459816645228516,0.2434311809520946,L/P
427,srad_8,0.041650183016403636,0.23461059568064369,L/P
427,srad_6,0.06977976965258105,0.1909634134573075,L/P
427,srad_5,0.09328402891217097,0.16601879902962902,L/P
10,srad_10,0.09980683216601417,0.1601885104691324,P/L
427,srad_11,0.11920069178756793,0.1448555333416185,L/P
427,srad_12,0.1361370243412799,0.13339047049553654,L/P
10,srad_11,0.15233949375496933,0.12370875149511451,P/L
427,srad_1,0.19348477824004118,0.10327020895884742,L/P
10,srad_12,0.22176851506059347,0.09175464285756352,P/L
427,srad_9,0.23495450355608993,0.08692564812701131,L/P
10,srad_1,0.3228486041624426,0.06106860571407935,P/L
427,srad_2,0.4286979647479636,0.03957965170879907,L/P
427,srad_4,0.43237379396884745,0.03896588000473111,L/P
10,srad_2,0.44129095346622305,0.037507827113153036,P/L
211,srad_10,0.4603024504859975,0.03453940915883136,R/Q
10,srad_3,0.46893504354090476,0.03325166979057348,P/L
427,srad_10,0.5645469098017211,0.021172717031524346,L/P
10,srad_9,0.5756459891211951,0.020000323192966962,P/L
10,srad_7,0.6117983312292641,0.01647055637300332,P/L
211,srad_11,0.6147811442782114,0.01619825344995174,R/Q
10,srad_8,0.6312905100720542,0.014740990514223506,P/L
410,srad_10,0.6369360214079968,0.01426168830949437,M/P
10,srad_6,0.6391888542556378,0.01407308028299381,P/L
427,srad_3,0.6611734508551058,0.012310390052778897,L/P
211,srad_12,0.6752888488249429,0.011251147681009543,R/Q
211,srad_1,0.6918301955021895,0.010079531103385442,R/Q
211,srad_7,0.7253414433105667,0.007927474138688329,R/Q
410,srad_1,0.7262120945198267,0.007875399739995292,M/P
410,srad_12,0.7336974410615648,0.007435530565659598,M/P
410,srad_11,0.7362390236201536,0.007289351269855082,M/P
10,srad_4,0.7397310201471201,0.007091114892282424,P/L
410,srad_2,0.7416735472400531,0.006982140442326146,M/P
211,srad_4,0.7663821981130352,0.005675925269072013,R/Q
211,srad_8,0.7868144362165118,0.00470528744791765,R/Q
410,srad_8,0.7885187389845711,0.004628711149240572,M/P
211,srad_5,0.7916318149413835,0.00449056254276492,R/Q
410,srad_7,0.8330636712981483,0.0028605630767936097,M/P
211,srad_2,0.8405430803832665,0.0026068991650010087,R/Q
410,srad_6,0.8547961413454614,0.00215717361307044,M/P
211,srad_6,0.8600808225073011,0.002001560494896415,R/Q
410,srad_3,0.8859392528406587,0.0013259289065140623,M/P
211,srad_9,0.9272763075439039,0.0005370351203716206,R/Q
410,srad_5,0.953529545421698,0.000218957762061045,M/P
211,srad_3,0.960913996665642,0.00015485282841176673,R/Q
410,srad_4,0.9754401021989838,6.111386743867797e-05,M/P
410,srad_9,0.9837960514670976,2.6598577984815464e-05,M/P
10,srad_5,0.9993763637274089,3.939359505267248e-08,P/L
