Site,Env_Factor,P_value,R_squared,Variants,P_adj
10,bio_15,0.0288402822963362,0.2649288199514422,P/L,0.8562411603995255
10,wind_3,0.037023020496443,0.2444033101863748,P/L,0.8562411603995255
427,srad_7,0.0374598166452285,0.2434311809520946,L/P,0.8562411603995255
427,srad_8,0.0416501830164036,0.2346105956806436,L/P,0.8562411603995255
10,tavg_4,0.0520901168654627,0.2158276973161753,P/L,0.8562411603995255
10,vapr_7,0.0650646827306645,0.1969411907401579,P/L,0.8562411603995255
427,srad_6,0.069779769652581,0.1909634134573075,L/P,0.8562411603995255
10,tavg_5,0.0730657468699331,0.1870234514086201,P/L,0.8562411603995255
10,vapr_6,0.073641176052093,0.1863511612589453,P/L,0.8562411603995255
410,tavg_4,0.0827532193046515,0.1763345198259607,M/P,0.8562411603995255
10,tavg_6,0.0866148454729025,0.1724099446397289,P/L,0.8562411603995255
10,tavg_9,0.092425451060757,0.1668159641372341,P/L,0.8562411603995255
427,srad_5,0.0932840289121709,0.166018799029629,L/P,0.8562411603995255
10,vapr_5,0.0936313885176143,0.1656983333343196,P/L,0.8562411603995255
10,wind_11,0.0945101576883051,0.1648927951477592,P/L,0.8562411603995255
10,bio_10,0.0972671019333517,0.1624126394506267,P/L,0.8562411603995255
10,srad_10,0.0998068321660141,0.1601885104691324,P/L,0.8562411603995255
10,bio_1,0.1006786662132302,0.1594378921905443,P/L,0.8562411603995255
10,tavg_8,0.1020593002308532,0.1582622739739765,P/L,0.8562411603995255
410,bio_1,0.1021528484223247,0.1581831877472247,M/P,0.8562411603995255
10,elevation,0.1023275144728374,0.1580357158317928,P/L,0.8562411603995255
10,tavg_7,0.1047429089394803,0.1560215800427881,P/L,0.8562411603995255
427,bio_4,0.1073585105613187,0.1538918540016698,L/P,0.8562411603995255
410,tavg_9,0.107359412953029,0.153891128177611,M/P,0.8562411603995255
410,tavg_5,0.1087757566821218,0.1527593346562363,M/P,0.8562411603995255
410,vapr_7,0.108785154467043,0.1527518740427463,M/P,0.8562411603995255
410,tavg_10,0.111468754264843,0.1506473108296072,M/P,0.8562411603995255
10,bio_5,0.1118472093895063,0.1503545891431954,P/L,0.8562411603995255
427,prec_9,0.1155276005399563,0.147558492375734,L/P,0.8562411603995255
10,bio_8,0.1157877285635986,0.1473642521770936,P/L,0.8562411603995255
427,srad_11,0.1192006917875679,0.1448555333416185,L/P,0.8562411603995255
427,bio_7,0.1205348209877127,0.1438944336549052,L/P,0.8562411603995255
410,tavg_3,0.1234769763658653,0.1418122245952776,M/P,0.8562411603995255
410,vapr_8,0.1247199423655215,0.14094754544017,M/P,0.8562411603995255
10,vapr_8,0.1267204390998038,0.1395739940284966,P/L,0.8562411603995255
427,bio_15,0.1277980975848252,0.1388431268510781,L/P,0.8562411603995255
10,tavg_10,0.1284837417633016,0.1383813634189479,P/L,0.8562411603995255
10,wind_9,0.1298748341103814,0.1374521211467351,P/L,0.8562411603995255
10,wind_4,0.1314895434706721,0.1363860798247864,P/L,0.8562411603995255
427,srad_12,0.1361370243412799,0.1333904704955365,L/P,0.8562411603995255
10,vapr_4,0.144190148278521,0.1284386926234226,P/L,0.8562411603995255
427,prec_8,0.1449909658844518,0.1279618536861112,L/P,0.8562411603995255
410,tavg_8,0.1456347765472166,0.1275804609315007,M/P,0.8562411603995255
410,bio_9,0.1497992184422561,0.1251545940988261,M/P,0.8562411603995255
10,srad_11,0.1523394937549693,0.1237087514951145,P/L,0.8562411603995255
427,elevation,0.1542757463021714,0.1226233415684369,L/P,0.8562411603995255
427,prec_12,0.1549285026170981,0.1222606008378419,L/P,0.8562411603995255
10,prec_11,0.15732218601527,0.1209438460311796,P/L,0.8562411603995255
410,bio_10,0.1604257395093302,0.1192672465445352,M/P,0.8562411603995255
410,tavg_6,0.1640751653168267,0.1173384531197017,M/P,0.8562411603995255
10,prec_12,0.165720409691011,0.1164835129006701,P/L,0.8562411603995255
427,prec_4,0.1696482609366063,0.1144778549838358,L/P,0.8562411603995255
410,tavg_7,0.1713550812742381,0.1136214521022754,M/P,0.8562411603995255
410,bio_8,0.1740231058372014,0.1123005798384675,M/P,0.8562411603995255
10,wind_12,0.1749512364629041,0.1118460825944339,P/L,0.8562411603995255
10,vapr_11,0.1785920899897506,0.1100874515010764,P/L,0.8562411603995255
427,bio_18,0.1798325495554694,0.109496925878427,L/P,0.8562411603995255
427,prec_7,0.1828970816717219,0.1080563689455059,L/P,0.8562411603995255
410,vapr_6,0.1864942219302539,0.1063978342694085,M/P,0.8562411603995255
10,vapr_12,0.1867018792152701,0.1063031325862496,P/L,0.8562411603995255
410,tavg_11,0.1878235252676291,0.1057935436357893,M/P,0.8562411603995255
427,bio_16,0.1892582039443658,0.105146453671948,L/P,0.8562411603995255
10,wind_1,0.1928261814590344,0.1035596644812307,P/L,0.8562411603995255
427,srad_1,0.1934847782400411,0.1032702089588474,L/P,0.8562411603995255
427,wind_3,0.1986540405538316,0.1010344378885234,L/P,0.8562411603995255
10,tavg_3,0.1992988182279217,0.1007599676668915,P/L,0.8562411603995255
427,bio_12,0.2070932325146849,0.0975160646574261,L/P,0.8562411603995255
410,bio_5,0.2087618244497288,0.0968388508647311,M/P,0.8562411603995255
427,bio_9,0.2088421978464035,0.0968063794853326,L/P,0.8562411603995255
10,vapr_10,0.2101488388850493,0.096280390348725,P/L,0.8562411603995255
427,bio_3,0.2113073265896457,0.09581701543001,L/P,0.8562411603995255
211,vapr_8,0.2121464478277481,0.0954831105861809,R/Q,0.8562411603995255
427,prec_10,0.2153029406844729,0.0942398851746425,L/P,0.8562411603995255
211,vapr_7,0.2157296083458879,0.0940733696679433,R/Q,0.8562411603995255
10,wind_10,0.2168633206652919,0.0936326655838811,P/L,0.8562411603995255
10,srad_12,0.2217685150605934,0.0917546428575635,P/L,0.8562411603995255
10,vapr_9,0.2241034581230289,0.0908767006187181,P/L,0.8562411603995255
427,bio_13,0.224539035742231,0.0907140419425963,L/P,0.8562411603995255
410,elevation,0.2282853225539445,0.08932932583283,M/P,0.8562411603995255
410,vapr_5,0.2303053421774062,0.0885931068538995,M/P,0.8562411603995255
10,wind_8,0.2345081255915548,0.0870841399024844,P/L,0.8562411603995255
427,srad_9,0.2349545035560899,0.0869256481270113,L/P,0.8562411603995255
410,vapr_9,0.2371727232829994,0.0861430083696349,M/P,0.8562411603995255
427,tavg_7,0.2372198571310401,0.0861264675023604,L/P,0.8562411603995255
427,bio_5,0.2387734537831572,0.0855833110831565,L/P,0.8562411603995255
10,tavg_11,0.2400186511136215,0.0851508309961409,P/L,0.8562411603995255
427,prec_3,0.2428341802890199,0.0841821793947498,L/P,0.8562411603995255
10,vapr_3,0.2459230645374343,0.0831339434610438,P/L,0.8562411603995255
410,vapr_12,0.2480745636202941,0.0824125731539368,M/P,0.8562411603995255
427,prec_6,0.2483983841477349,0.0823046140758588,L/P,0.8562411603995255
427,wind_7,0.2519972541997742,0.0811154281189846,L/P,0.8562411603995255
10,vapr_1,0.2573783321893598,0.0793729578285205,P/L,0.8562411603995255
427,bio_10,0.2605976285033408,0.078350310019139,L/P,0.8562411603995255
410,vapr_11,0.2631345486257206,0.0775545964375588,M/P,0.8562411603995255
10,wind_6,0.266569335944428,0.0764912391834854,P/L,0.8562411603995255
427,tavg_8,0.2679089230452895,0.0760808070170004,L/P,0.8562411603995255
410,vapr_1,0.274515618851233,0.0740908468820789,M/P,0.8562411603995255
410,wind_6,0.275704930700919,0.0737385450150652,M/P,0.8562411603995255
10,prec_1,0.27607600800239,0.0736289863575461,P/L,0.8562411603995255
427,tavg_6,0.2811117455892586,0.0721590341292328,L/P,0.8562411603995255
211,vapr_6,0.281659296849343,0.0720010658089334,R/Q,0.8562411603995255
410,vapr_10,0.2863737537789095,0.0706557344186155,M/P,0.8562411603995255
410,vapr_2,0.2880672352209223,0.0701788490706163,M/P,0.8562411603995255
427,tavg_1,0.291598680458868,0.0691949961292649,L/P,0.8562411603995255
10,wind_2,0.2973967931388308,0.0676100247626221,P/L,0.8562411603995255
410,tavg_2,0.2986819901690145,0.0672637017293193,M/P,0.8562411603995255
10,bio_19,0.2988168907295355,0.0672274535840189,P/L,0.8562411603995255
410,wind_10,0.2991160386289165,0.0671471417130359,M/P,0.8562411603995255
10,wind_7,0.2991412445218014,0.0671403791197674,P/L,0.8562411603995255
10,vapr_2,0.3045191668648954,0.0657129782393552,P/L,0.8562411603995255
427,bio_6,0.3127543852149264,0.0635852423144265,L/P,0.8562411603995255
427,tavg_2,0.3128508547088073,0.06356072233295,L/P,0.8562411603995255
211,prec_1,0.3134676058937653,0.063404178258665,R/Q,0.8562411603995255
410,vapr_4,0.3152457446851038,0.0629549474083798,M/P,0.8562411603995255
427,wind_1,0.3169006471939168,0.0625396270403245,L/P,0.8562411603995255
10,prec_8,0.3200813293198649,0.0617488109150837,P/L,0.8562411603995255
10,srad_1,0.3228486041624426,0.0610686057140793,P/L,0.8562411603995255
10,bio_17,0.3234294203873783,0.0609267522336246,P/L,0.8562411603995255
10,bio_14,0.3237996536120335,0.0608364938671681,P/L,0.8562411603995255
410,wind_3,0.3283704689042783,0.0597326054334211,M/P,0.8562411603995255
211,prec_4,0.3307326036710937,0.0591695850521829,R/Q,0.8562411603995255
427,bio_11,0.3317267361194887,0.0589341277273957,L/P,0.8562411603995255
410,vapr_3,0.3369129428072809,0.057719942601458,M/P,0.8562411603995255
410,bio_6,0.3371588689054996,0.0576629498306401,M/P,0.8562411603995255
211,prec_12,0.344033370428962,0.056090694687332,R/Q,0.8562411603995255
427,tavg_5,0.3492042322047394,0.0549340893732074,L/P,0.8562411603995255
211,vapr_12,0.3518824455166978,0.054343588879109,R/Q,0.8562411603995255
410,wind_9,0.3558996019180612,0.0534685986075599,M/P,0.8562411603995255
211,tavg_4,0.359260460173798,0.052746277896628,R/Q,0.8562411603995255
410,bio_11,0.3613492029169906,0.0523017528947301,M/P,0.8562411603995255
211,tavg_5,0.367639926935691,0.0509829041654326,R/Q,0.8562411603995255
410,wind_4,0.3708639814890814,0.0503183660357052,M/P,0.8562411603995255
410,tavg_12,0.3710499141998087,0.0502802734023265,M/P,0.8562411603995255
427,wind_8,0.3729480497596964,0.0498928288199432,L/P,0.8562411603995255
211,vapr_9,0.3753276642837523,0.0494107654961993,R/Q,0.8562411603995255
211,tavg_10,0.3797109883300945,0.0485333022580675,R/Q,0.8562411603995255
10,prec_7,0.3802664546930151,0.0484230694214885,P/L,0.8562411603995255
10,wind_5,0.385338406161414,0.0474263845931756,P/L,0.8562411603995255
211,vapr_5,0.3882048818272287,0.0468708451169266,R/Q,0.8562411603995255
10,bio_13,0.3888998652015089,0.0467369850686263,P/L,0.8562411603995255
211,vapr_11,0.3899496702445253,0.0465353943450675,R/Q,0.8562411603995255
10,bio_18,0.3954593934379016,0.0454893067922627,P/L,0.8562411603995255
211,bio_1,0.3957743701307189,0.0454301038591955,R/Q,0.8562411603995255
211,bio_8,0.3966923963235612,0.0452579178668334,R/Q,0.8562411603995255
10,bio_9,0.3971411378766074,0.0451739492071455,P/L,0.8562411603995255
211,vapr_1,0.4007041595500238,0.0445118115772057,R/Q,0.8562411603995255
427,tavg_9,0.4076455236575566,0.0432448263524628,L/P,0.8562411603995255
10,bio_16,0.4094689125755218,0.0429169536640375,P/L,0.8562411603995255
410,wind_5,0.4096177437597167,0.0428902812356117,M/P,0.8562411603995255
211,elevation,0.4099161930534323,0.0428368359907859,R/Q,0.8562411603995255
427,tavg_12,0.4185490001363839,0.0413140749727789,L/P,0.8562411603995255
211,bio_17,0.4190943570967389,0.0412193624308135,R/Q,0.8562411603995255
211,prec_11,0.4210387451789384,0.0408830923724414,R/Q,0.8562411603995255
211,tavg_9,0.4224386647408568,0.0406423442045875,R/Q,0.8562411603995255
211,tavg_6,0.4254157967617851,0.0401341090488669,R/Q,0.8562411603995255
427,srad_2,0.4286979647479636,0.039579651708799,L/P,0.8562411603995255
211,bio_19,0.4287735799366878,0.0395669497119718,R/Q,0.8562411603995255
10,tavg_2,0.4290098295558712,0.0395272847119992,P/L,0.8562411603995255
410,tavg_1,0.4315850812246796,0.0390969408018393,M/P,0.8562411603995255
427,prec_1,0.4315904486356093,0.0390960477293604,L/P,0.8562411603995255
427,srad_4,0.4323737939688474,0.0389658800047311,L/P,0.8562411603995255
211,vapr_10,0.4339903388092422,0.0386983337368561,R/Q,0.8562411603995255
10,srad_2,0.441290953466223,0.037507827113153,P/L,0.8562411603995255
10,tavg_12,0.4414544112516495,0.037481501426229,P/L,0.8562411603995255
427,prec_11,0.4424516678053251,0.0373211972523404,L/P,0.8562411603995255
427,prec_5,0.4441751019572539,0.037045410302692,L/P,0.8562411603995255
211,tavg_11,0.4537380042947521,0.0355433859732529,R/Q,0.8611203951765678
211,bio_10,0.4557328381583275,0.0352359945382316,R/Q,0.8611203951765678
211,srad_10,0.4603024504859975,0.0345394091588313,R/Q,0.8611203951765678
211,tavg_7,0.4660207964487683,0.0336823215124192,R/Q,0.8611203951765678
427,tavg_4,0.4681475936388337,0.0333676295886894,L/P,0.8611203951765678
10,srad_3,0.4689350435409047,0.0332516697905734,P/L,0.8611203951765678
211,vapr_4,0.470790646364986,0.0329795939979079,R/Q,0.8611203951765678
211,vapr_2,0.4708533161764789,0.0329704339359988,R/Q,0.8611203951765678
211,tavg_8,0.4709252161121855,0.0329599270784647,R/Q,0.8611203951765678
10,bio_2,0.4761153249673062,0.0322079808420963,P/L,0.8627756816538354
10,bio_11,0.4772227989147777,0.0320491749747129,P/L,0.8627756816538354
10,bio_7,0.4846499287377142,0.0309988812379893,P/L,0.8712807707644299
427,bio_8,0.4878998446497559,0.0305472472553274,L/P,0.8722231859660441
410,wind_12,0.4978711283148134,0.0291910459859525,M/P,0.8824089191564086
427,wind_5,0.5038338529340974,0.0284008498762887,L/P,0.8824089191564086
211,vapr_3,0.5074993233153433,0.0279226517540365,R/Q,0.8824089191564086
410,wind_2,0.5090458788714352,0.027722593507484,M/P,0.8824089191564086
10,prec_2,0.5106196916968785,0.0275200409606937,P/L,0.8824089191564086
10,prec_3,0.5108648278551879,0.0274885848255901,P/L,0.8824089191564086
211,bio_14,0.5129001842596626,0.0272283732579854,R/Q,0.8824089191564086
211,bio_2,0.5196961424877671,0.0263719302188212,R/Q,0.8893196021181041
410,wind_1,0.5300219489884302,0.0251064252507707,M/P,0.9016091758416346
10,prec_9,0.5325129194814654,0.0248074696578319,P/L,0.9016091758416346
10,prec_6,0.5372720825686954,0.0242430173260405,P/L,0.9048792969578028
427,bio_14,0.5417159706530797,0.0237238328155887,L/P,0.9056852497739748
427,wind_2,0.5434111498643849,0.02352776558028,L/P,0.9056852497739748
10,bio_4,0.5469736551121072,0.0231192548152132,P/L,0.9066758701307588
211,tavg_12,0.550910090125685,0.0226733867551413,R/Q,0.9066758701307588
10,bio_6,0.5573669150316407,0.0219544268911215,P/L,0.9066758701307588
427,bio_2,0.5582205400715046,0.02186051625702,L/P,0.9066758701307588
211,tavg_3,0.5585132952107414,0.0218283699645638,R/Q,0.9066758701307588
10,tavg_1,0.561005694643407,0.0215559436730776,P/L,0.9066758701307588
427,srad_10,0.5645469098017211,0.0211727170315243,L/P,0.9078141263143253
211,bio_6,0.5719908926186545,0.0203816462710045,R/Q,0.9151854281898473
10,srad_9,0.5756459891211951,0.0200003231929669,P/L,0.9164513259640917
211,bio_5,0.5807140258306083,0.0194792231564997,R/Q,0.9199430112168052
410,wind_8,0.5910414422160686,0.018444337019936,M/P,0.9316909433947879
10,srad_7,0.6117983312292641,0.0164705563730033,P/L,0.9548327735604327
410,wind_11,0.6126551770854771,0.0163920478453015,M/P,0.9548327735604327
211,srad_11,0.6147811442782114,0.0161982534499517,R/Q,0.9548327735604327
211,bio_11,0.6176574503969049,0.0159383138890595,R/Q,0.9548327735604327
427,vapr_7,0.6259661777310641,0.0152018316322075,L/P,0.9602837247033055
10,srad_8,0.6312905100720542,0.0147409905142235,P/L,0.9602837247033055
211,tavg_1,0.635898649475386,0.014349045380789,R/Q,0.9602837247033055
410,srad_10,0.6369360214079968,0.0142616883094943,M/P,0.9602837247033055
427,wind_6,0.6370258337361777,0.014254140303181,L/P,0.9602837247033055
10,srad_6,0.6391888542556378,0.0140730802829938,P/L,0.9602837247033055
211,prec_2,0.6449031885523674,0.0136014044534445,R/Q,0.9629373647604654
410,prec_4,0.6481879297395845,0.013334608076257,M/P,0.9629373647604654
211,prec_10,0.6499827212133142,0.0131901564153931,R/Q,0.9629373647604654
427,vapr_2,0.6547693362165956,0.0128094637053343,L/P,0.9655078577082308
211,tavg_2,0.6606065196916239,0.0123541006244982,R/Q,0.9655078577082308
427,srad_3,0.6611734508551058,0.0123103900527788,L/P,0.9655078577082308
427,vapr_10,0.6637866521744087,0.0121100856121117,L/P,0.9655078577082308
211,srad_12,0.6752888488249429,0.0112511476810095,R/Q,0.9777938082533109
427,tavg_11,0.6875858481433019,0.0103731056020204,L/P,0.9894066631689841
211,srad_1,0.6918301955021895,0.0100795311033854,R/Q,0.9894066631689841
427,vapr_3,0.6997227751338062,0.0095463615136108,L/P,0.9894066631689841
427,prec_2,0.7041643121464807,0.0092535388842639,L/P,0.9894066631689841
410,bio_15,0.7044269053491443,0.009236388122867,M/P,0.9894066631689841
427,tavg_3,0.7047615858423253,0.0092145551852715,L/P,0.9894066631689841
10,bio_12,0.7049522475079012,0.0092021303939273,P/L,0.9894066631689841
427,bio_19,0.7123676820078725,0.0087262083075085,L/P,0.9954482892686428
211,wind_3,0.7178825317202044,0.0083814478584024,R/Q,0.9973728336752985
410,wind_7,0.7215224205244106,0.0081581515546259,M/P,0.9973728336752985
211,srad_7,0.7253414433105667,0.0079274741386883,R/Q,0.9973728336752985
410,srad_1,0.7262120945198267,0.0078753997399952,M/P,0.9973728336752985
410,srad_12,0.7336974410615648,0.0074355305656595,M/P,0.9983687981485049
410,srad_11,0.7362390236201536,0.007289351269855,M/P,0.9983687981485049
10,srad_4,0.7397310201471201,0.0070911148922824,P/L,0.9983687981485049
410,srad_2,0.7416735472400531,0.0069821404423261,M/P,0.9983687981485049
427,vapr_9,0.7472533935588859,0.0066742568090188,L/P,0.9983687981485049
427,wind_11,0.7495795206029127,0.0065481481255669,L/P,0.9983687981485049
427,vapr_1,0.7515366113510977,0.0064430633345117,L/P,0.9983687981485049
211,prec_5,0.7534527769266199,0.0063410736794655,R/Q,0.9983687981485049
427,vapr_8,0.7550164035998068,0.0062585046222789,L/P,0.9983687981485049
427,bio_17,0.7612534576332323,0.0059349923422838,L/P,0.9996118831823102
427,wind_9,0.764850436898368,0.00575264417858,L/P,0.9996118831823102
211,srad_4,0.7663821981130352,0.005675925269072,R/Q,0.9996118831823102
410,bio_4,0.7792705194316907,0.0050523126485002,M/P,0.9996118831823102
427,wind_12,0.7800611246807505,0.0050153246468525,L/P,0.9996118831823102
211,srad_8,0.7868144362165118,0.0047052874479176,R/Q,0.9996118831823102
410,prec_8,0.7880562368175865,0.0046494257297371,M/P,0.9996118831823102
410,srad_8,0.7885187389845711,0.0046287111492405,M/P,0.9996118831823102
211,srad_5,0.7916318149413835,0.0044905625427649,R/Q,0.9996118831823102
410,bio_3,0.7920386223871371,0.0044726741009057,M/P,0.9996118831823102
211,wind_7,0.7941154328327914,0.004381941919562,R/Q,0.9996118831823102
410,prec_10,0.7963601183694224,0.0042849847314437,M/P,0.9996118831823102
410,prec_12,0.8135624319850555,0.0035798807472813,M/P,0.9996118831823102
410,bio_7,0.8155037444904842,0.0035044890220728,M/P,0.9996118831823102
410,prec_7,0.8277853693113466,0.0030469564768415,M/P,0.9996118831823102
410,srad_7,0.8330636712981483,0.0028605630767936,M/P,0.9996118831823102
211,wind_8,0.8334157999142036,0.0028483460885579,R/Q,0.9996118831823102
410,prec_3,0.8353991468964447,0.0027800420641532,M/P,0.9996118831823102
211,srad_2,0.8405430803832665,0.002606899165001,R/Q,0.9996118831823102
427,bio_1,0.8430547872135878,0.0025244518185713,L/P,0.9996118831823102
427,vapr_11,0.8546751362547231,0.0021608069937585,L/P,0.9996118831823102
410,srad_6,0.8547961413454614,0.0021571736130704,M/P,0.9996118831823102
10,bio_3,0.85943662624655,0.0020202088855495,P/L,0.9996118831823102
211,srad_6,0.8600808225073011,0.0020015604948964,R/Q,0.9996118831823102
211,wind_12,0.8637975421548322,0.0018957021796354,R/Q,0.9996118831823102
211,bio_4,0.8698516678979549,0.0017295834998801,R/Q,0.9996118831823102
10,prec_4,0.8741072105617936,0.0016174814799068,P/L,0.9996118831823102
211,wind_11,0.8777771748789306,0.0015238875823397,R/Q,0.9996118831823102
211,prec_8,0.881551017872503,0.0014306133540475,R/Q,0.9996118831823102
410,srad_3,0.8859392528406587,0.001325928906514,M/P,0.9996118831823102
427,tavg_10,0.8873442914011198,0.0012932668189081,L/P,0.9996118831823102
10,prec_5,0.8878386398695124,0.0012818736170999,P/L,0.9996118831823102
211,prec_3,0.888270922465912,0.0012719528925467,R/Q,0.9996118831823102
410,bio_18,0.8949326661838221,0.0011240216242422,M/P,0.9996118831823102
427,vapr_6,0.8988755813089143,0.0010408375712603,L/P,0.9996118831823102
410,bio_16,0.9001005382040187,0.0010156549984411,M/P,0.9996118831823102
410,prec_6,0.9003130508426449,0.0010113180174483,M/P,0.9996118831823102
410,bio_13,0.90292721529202,0.0009587374210399,M/P,0.9996118831823102
211,wind_2,0.9104031106677892,0.0008162102229135,R/Q,0.9996118831823102
211,bio_9,0.9170658471320824,0.0006989491260745,R/Q,0.9996118831823102
211,bio_13,0.9176087262936334,0.0006897991357286,R/Q,0.9996118831823102
427,vapr_5,0.9184630328512532,0.0006755234217078,L/P,0.9996118831823102
427,vapr_4,0.9191700467909424,0.0006638229548862,L/P,0.9996118831823102
211,bio_15,0.9213434777881008,0.0006285004051144,R/Q,0.9996118831823102
410,bio_12,0.9214515168951096,0.0006267699729866,M/P,0.9996118831823102
427,wind_10,0.9220257344264856,0.0006176132714873,L/P,0.9996118831823102
211,bio_18,0.9236613902760988,0.0005919028881031,R/Q,0.9996118831823102
211,prec_7,0.9247641955745198,0.0005748792425133,R/Q,0.9996118831823102
211,srad_9,0.927276307543904,0.0005370351203716,R/Q,0.9996118831823102
211,wind_6,0.9286066983420774,0.0005175189434604,R/Q,0.9996118831823102
211,bio_16,0.9304657265585986,0.0004908571924212,R/Q,0.9996118831823102
10,prec_10,0.9309869419264744,0.0004835094631774,P/L,0.9996118831823102
211,wind_5,0.9325283136418426,0.0004621066440496,R/Q,0.9996118831823102
427,vapr_12,0.9375495103645652,0.0003957640982854,L/P,0.9996118831823102
427,wind_4,0.9381415140297648,0.0003882827675606,L/P,0.9996118831823102
211,bio_12,0.9517141601037742,0.0002364185022176,R/Q,0.9996118831823102
410,prec_11,0.953070669757747,0.0002233078705664,M/P,0.9996118831823102
410,srad_5,0.953529545421698,0.000218957762061,M/P,0.9996118831823102
211,wind_9,0.9537928635530968,0.0002164809055277,R/Q,0.9996118831823102
211,wind_4,0.9544338815954588,0.0002105103517175,R/Q,0.9996118831823102
410,prec_9,0.9558324441652004,0.0001977745096722,M/P,0.9996118831823102
410,bio_17,0.9572028251227724,0.000185681776795,M/P,0.9996118831823102
211,srad_3,0.960913996665642,0.0001548528284117,R/Q,0.9996118831823102
410,bio_14,0.9624326759803308,0.0001430451732143,M/P,0.9996118831823102
410,bio_19,0.963795867219744,0.0001328459495564,M/P,0.9996118831823102
211,wind_1,0.9709770521835202,8.53530058824159e-05,R/Q,0.9996118831823102
211,prec_6,0.9721012677099912,7.886631919218345e-05,R/Q,0.9996118831823102
410,srad_4,0.9754401021989838,6.111386743867797e-05,M/P,0.9996118831823102
410,prec_2,0.977655871573754,5.0581551986006446e-05,M/P,0.9996118831823102
410,bio_2,0.9789414914518644,4.492717099890964e-05,M/P,0.9996118831823102
211,prec_9,0.9822186943903052,3.202985765216049e-05,R/Q,0.9996118831823102
410,srad_9,0.9837960514670976,2.6598577984815464e-05,M/P,0.9996118831823102
211,wind_10,0.9842790670439312,2.5036301550374063e-05,R/Q,0.9996118831823102
211,bio_7,0.9912000200218808,7.844080966212807e-06,R/Q,0.9996118831823102
410,prec_5,0.9944172385824136,3.156947336768745e-06,M/P,0.9996118831823102
211,bio_3,0.9988568919714464,1.3235416751467e-07,R/Q,0.9996118831823102
10,srad_5,0.9993763637274088,3.939359505267248e-08,P/L,0.9996118831823102
410,prec_1,0.9996118831823102,1.525765369603249e-08,M/P,0.9996118831823102
